All-In-One Printers;Colour
All-In-One Printers;Connection Type
All-In-One Printers;Monochrome Printing Speed
All-In-One Printers;Output Type
All-In-One Printers;Supported Paper Size
All-in-One Desktop Computers;Graphics Processor
All-in-One Desktop Computers;Installed RAM
All-in-One Desktop Computers;Operating System
All-in-One Desktop Computers;System RAM Type
Barebone PCs;Operating System
CPUs;CPU Socket Type
CPUs;Core Count
CompactFlash Cards;Capacity
CompactFlash Cards;Feature
Computer Headsets;Headphone Style
Computer Memory;System RAM Type
Computer Printers;Colour
Computer Printers;Connection Type
Computer Printers;Monochrome Printing Speed
Computer Printers;Output Type
Computer Printers;Supported Paper Size
Desktop Computer Towers;Graphics Processor
Desktop Computer Towers;Installed RAM
Desktop Computer Towers;Operating System
Desktop Computer Towers;System RAM Type
Desktop PCs;Graphics Processor
Desktop PCs;Installed RAM
Desktop PCs;Operating System
Desktop PCs;System RAM Type
Desktop Thermal Label Printers;Colour
Desktop Thermal Label Printers;Connection Type
Desktop Thermal Label Printers;Connectivity
Desktop Thermal Label Printers;Monochrome Printing Speed
Desktop Thermal Label Printers;Output Type
Desktop Thermal Label Printers;Supported Paper Size
Dot Matrix Printers;Colour
Dot Matrix Printers;Connection Type
Dot Matrix Printers;Monochrome Printing Speed
Dot Matrix Printers;Output Type
Dot Matrix Printers;Supported Paper Size
Ethernet Cables;Length
External Hard Drives;Capacity
External Hard Drives;Compatible Devices
External Hard Drives;Format
External Hard Drives;Interface
External Solid State Drives;Compatible Devices
External Solid State Drives;Interface
FireWire Cables;Length
Graphics Cards;Graphics Processor
Graphics Cards;Interface
HDMI Cables;Connector Type
HDMI Cables;Feature
Ink Cartridges;Cartridge Type
Inkjet Printers;Colour
Inkjet Printers;Connection Type
Inkjet Printers;Monochrome Printing Speed
Inkjet Printers;Output Type
Inkjet Printers;Supported Paper Size
Internal Data Storage;Interface
Internal Hard Drives;Capacity
Internal Hard Drives;Compatible Devices
Internal Hard Drives;Interface
Internal Hybrid Drives;Interface
Internal Solid State Drives;Compatible Devices
Internal Solid State Drives;Interface
Keyboards;Connectivity
Laptop Backpacks;Display Size
Laptop Briefcases;Display Size
Laptop Messenger & Shoulder Bags;Display Size
Laptop Roller Cases;Casing
Laptop Roller Cases;Display Size
Laptop Screen Protectors;Material
Laptops;Battery Life
Laptops;CPU Manufacturer
Laptops;CPU Speed
Laptops;CPU Type
Laptops;Display Size
Laptops;Graphics Processor
Laptops;HDD Capacity
Laptops;Installed RAM
Laptops;Laptop Features
Laptops;Operating System
Laptops;SSD Capacity
Laptops;Storage Type
Laptops;Type
Laptops;Weight
Laser Printers;Colour
Laser Printers;Connection Type
Laser Printers;Monochrome Printing Speed
Laser Printers;Output Type
Laser Printers;Supported Paper Size
Memory Cards;Capacity
Memory Cards;Feature
Memory Stick Cards;Capacity
Memory Stick Cards;Feature
Mice;Connectivity
Micro SD Memory Cards;Capacity
Micro SD Memory Cards;Feature
Mini Desktop Computers;Graphics Processor
Mini Desktop Computers;Installed RAM
Mini Desktop Computers;Operating System
Mini Desktop Computers;System RAM Type
MiniSD Memory Cards;Capacity
MiniSD Memory Cards;Feature
Mobile Broadband Devices;Connectivity
Monitor Screen Protectors;Material
Monitors;Connectivity
Monitors;Display Technology
Monitors;Monitor Features
Monitors;Refresh Rate
Monitors;Resolution (Name)
Monitors;Resolution
Monitors;Response Time
Monitors;Screen Size
Motherboards;CPU Socket Type
Mouse Pads;Mouse Pad Material
Multimedia Cards;Capacity
Multimedia Cards;Feature
Numeric Keypads;Connectivity
PC Cards;Capacity
PC Cards;Feature
PC Gaming Headsets;Headphone Style
PC Gaming Keyboards;Connectivity
PC Gaming Mice;Connectivity
Photo Printers;Colour
Photo Printers;Connection Type
Photo Printers;Monochrome Printing Speed
Photo Printers;Output Type
Photo Printers;Supported Paper Size
Replacement Caps for Tablet Styli;Compatible Device
Replacement Discs for Tablet Styli;Compatible Device
Replacement Tips for Tablet Styli;Compatible Device
Routers;Connectivity
SATA Cables;Length
SD Cards;Capacity
SD Cards;Feature
SmartMedia Cards;Capacity
SmartMedia Cards;Feature
Stylus Parts & Accessories;Compatible Device
Stylus Pens;Compatible Device
Tablet Accessories;Compatible Device
Tablet Accessory Bundles;Compatible Device
Tablet Cases;Compatible Device
Tablet Cases & Sleeves;Compatible Device
Tablet Chargers & Adapters;Compatible Device
Tablet Keyboards;Compatible Device
Tablet Keyboards;Connectivity
Tablet Messenger & Shoulder Bags;Compatible Device
Tablet Messenger & Shoulder Bags;Display Size
Tablet Screen Protectors;Compatible Device
Tablet Screen Protectors;Material
Tablet Skins & Decals;Compatible Device
Tablet Sleeves;Compatible Device
Tablet Stands;Compatible Device
Tablets;Capacity
Tablets;Colour
Tablets;Display Size
Tablets;Operating System
Tablets;Wireless Technology
Toner Cartridges;Cartridge Type
Trackballs;Connectivity
USB Cables;Length
USB Flash Drives;Capacity
USB Lamps;Light Bulb Type
VGA Cables;Length
Whole Home & Mesh Wi-Fi Systems;Connectivity
Wide Format & Plotter Printers;Colour
Wide Format & Plotter Printers;Connection Type
Wide Format & Plotter Printers;Monochrome Printing Speed
Wide Format & Plotter Printers;Monochrome Printing Speed
Wide Format & Plotter Printers;Output Type
Wide Format & Plotter Printers;Supported Paper Size
xD Cards;Capacity
xD Cards;Feature
